word|format
kaama|['kaama']
kabala|['kabala']
kabassou|['kabass']
kabob|['kabob']
kabook|['kabook']
kabyle|['kabyl']
kadder|['kadder']
kadi|['kadi']
kadiaster|['kadiast']
kafal|['kafal']
kaffir|['kaffir']
kafir|['kafir']
kaffle|['kaffl']
kafilah|['kafilah']
kaftan|['kaftan']
kage|['kage']
kagu|['kagu']
kaguan|['kaguan']
kahani|['kahani']
kahau|['kahau']
kail|['kail']
kaimacam|['kaimacam']
kain|['kain']
kainit|['kainit']
kainite|['kainit']
kainozoic|['kainozo']
kaique|['kaiqu']
kairine|['kairin']
kairoline|['kairolin']
kaiser|['kaiser']
kaka|['kaka']
kakapo|['kakapo']
kakaralli|['kakar']
kakistocracy|['kakistocraci']
kakoxene|['kakoxen']
kalan|['kalan']
kalasie|['kalasi']
kale|['kale']
kaleege|['kaleeg']
kaleidophon|['kaleidophon']
kaleidophone|['kaleidophon']
kaleidoscope|['kaleidoscop']
kaleidoscopic|['kaleidoscop']
kaleidoscopical|['kaleidoscop']
kalendar|['kalendar']
kalendarial|['kalendari']
kalender|['kalend']
kalends|['kalend']
kali|['kali']
kalif|['kalif']
kaliform|['kaliform']
kaligenous|['kaligen']
kalium|['kalium']
kalki|['kalki']
kalmia|['kalmia']
kalmuck|['kalmuck']
kalong|['kalong']
kaloyer|['kaloy']
kalpa|['kalpa']
kalsomine|['kalsomin']
kam|['kam']
kama|['kama']
kamala|['kamala']
kame|['kame']
kami|['kami']
kamichi|['kamichi']
kamptulicon|['kamptulicon']
kampylite|['kampylit']
kamsin|['kamsin']
khamsin|['khamsin']
kamtschadales|['kamtschadal']
kan|['kan']
kanacka|['kanacka']
kanaka|['kanaka']
kanchil|['kanchil']
kand|['kand']
kangaroo|['kangaroo']
kansas|['kansa']
kantian|['kantian']
kantianism|['kantian']
kantism|['kantism']
kantist|['kantist']
kanttry|['kanttri']
kaolin|['kaolin']
kaoline|['kaolin']
kaolinization|['kaolin']
kaolinize|['kaolin']
kapelle|['kapel']
kapellmeister|['kapellmeist']
kapia|['kapia']
kapnomar|['kapnomar']
karagane|['karagan']
karaism|['karaism']
karaite|['karait']
karatas|['karata']
karma|['karma']
karmathian|['karmathian']
karn|['karn']
karob|['karob']
karpholite|['karpholit']
karroos|['karroo']
karreo|['karreo']
karstenite|['karstenit']
karvel|['karvel']
karyokinesis|['karyokinesi']
karyokinetic|['karyokinet']
karyomiton|['karyomiton']
karyoplasma|['karyoplasma']
karyostenosis|['karyostenosi']
kasack|['kasack']
kat|['kat']
katabolic|['katabol']
katabolism|['katabol']
katastate|['katast']
kate|['kate']
kathetal|['kathet']
kathetometer|['kathetomet']
kattinumdoo|['kattinumdoo']
katydid|['katydid']
kauri|['kauri']
kava|['kava']
kavasses|['kavass']
kavass|['kavass']
kaw|['kaw']
kawaka|['kawaka']
kawn|['kawn']
kayak|['kayak']
kayaker|['kayak']
kayko|['kayko']
kayles|['kayl']
kaynard|['kaynard']
kecked|['keck']
kecking|['keck']
keck|['keck']
keckle|['keckl']
keckled|['keckl']
keckling|['keckl']
kecklish|['kecklish']
kecksies|['kecksi']
kecksy|['kecksi']
kecky|['kecki']
kedged|['kedg']
kedging|['kedg']
kedge|['kedg']
kedger|['kedger']
kedlook|['kedlook']
kee|['kee']
keech|['keech']
keel|['keel']
keeled|['keel']
keeling|['keel']
keelage|['keelag']
keeler|['keeler']
keelfat|['keelfat']
keelhauled|['keelhaul']
keelhauling|['keelhaul']
keelhaul|['keelhaul']
keelivine|['keelivin']
men|['men']
keelman|['keelman']
keelrake|['keelrak']
keels|['keel']
keelson|['keelson']
keelvat|['keelvat']
keen|['keen']
keener|['keener']
keenly|['keenli']
keenness|['keen']
kept|['kept']
keeping|['keep']
keep|['keep']
keeper|['keeper']
keepership|['keepership']
keepsake|['keepsak']
keesh|['keesh']
keeve|['keev']
keeved|['keev']
keeving|['keev']
keever|['keever']
keffe-kil|"['keff', 'kil']"
keg|['keg']
keilhau-ite|"['keilhau', 'ite']"
keir|['keir']
keitloa|['keitloa']
keld|['keld']
kele|['kele']
kell|['kell']
keloid|['keloid']
kelotomy|['kelotomi']
kelp|['kelp']
kelpfish|['kelpfish']
kelpies|['kelpi']
kelpie|['kelpi']
kelpy|['kelpi']
kelpware|['kelpwar']
kelson|['kelson']
kelt|['kelt']
kelter|['kelter']
keltic|['keltic']
kembed|['kemb']
kempt|['kempt']
kembing|['kemb']
kemb|['kemb']
kemelin|['kemelin']
kemp|['kemp']
kempty|['kempti']
kempe|['kemp']
kemps|['kemp']
ken|['ken']
kenned|['ken']
kenning|['ken']
kendal green|"['kendal', 'green']"
kendal|['kendal']
kennel|['kennel']
kenneled|['kennel']
kennelled|['kennel']
kennelling|['kennel']
kennel coal|"['kennel', 'coal']"
keno|['keno']
kenogenesis|['kenogenesi']
kenogenetic|['kenogenet']
kenspeckle|['kenspeckl']
kent bugle|"['kent', 'bugl']"
kentle|['kentl']
kentledge|['kentledg']
kentucky|['kentucki']
kephalin|['kephalin']
keramic|['keram']
keramics|['keram']
keramographic|['keramograph']
kerana|['kerana']
kerargyrite|['kerargyrit']
kerasin|['kerasin']
kerasine|['kerasin']
keratin|['keratin']
keratitis|['kerat']
keratode|['keratod']
keratogenous|['keratogen']
keratoidea|['keratoidea']
keratome|['keratom']
keratonyxis|['keratonyxi']
keratophyte|['keratophyt']
keratosa|['keratosa']
keratose|['keratos']
keraunograph|['keraunograph']
kerb|['kerb']
kerbstone|['kerbston']
kercher|['kercher']
kerchered|['kercher']
kerchiefs|['kerchief']
kerchief|['kerchief']
kerchiefed|['kerchief']
kerchieft|['kerchieft']
kerf|['kerf']
kerite|['kerit']
kerl|['kerl']
kermes|['kerm']
kermesse|['kermess']
kern|['kern']
kerned|['kern']
kerning|['kern']
kernel|['kernel']
kerneled|['kernel']
kernelled|['kernel']
kerneling|['kernel']
kernelling|['kernel']
kernelly|['kernelli']
kerish|['kerish']
kerolite|['kerolit']
kerosene|['kerosen']
kers|['ker']
kerse|['kers']
kerseys|['kersey']
kersey|['kersey']
kerseymere|['kerseymer']
kerseynette|['kerseynett']
kerve|['kerv']
kerver|['kerver']
kesar|['kesar']
keslop|['keslop']
kess|['kess']
kest|['kest']
kestrel|['kestrel']
ket|['ket']
ketch|['ketch']
ketchup|['ketchup']
ketine|['ketin']
ketmie|['ketmi']
ketol|['ketol']
ketone|['keton']
ketonic|['keton']
kettle|['kettl']
kettledrum|['kettledrum']
kettledrummer|['kettledrumm']
keuper|['keuper']
kevel|['kevel']
kevin|['kevin']
kever|['kever']
keverchief|['keverchief']
kex|['kex']
key|['key']
keved|['keve']
keying|['key']
keyage|['keyag']
keyboard|['keyboard']
key-cold|"['key', 'cold']"
keyed|['key']
keyhole|['keyhol']
keynote|['keynot']
keyseat|['keyseat']
keystone|['keyston']
key tone|"['key', 'tone']"
keyway|['keyway']
khaliff|['khaliff']
khan|['khan']
khanate|['khanat']
khaya|['khaya']
khedive|['khediv']
khenna|['khenna']
kholah|['kholah']
kholsun|['kholsun']
khutbah|['khutbah']
kiabooca wood|"['kiabooca', 'wood']"
kiang|['kiang']
kibble|['kibbl']
kibblings|['kibbl']
kibe|['kibe']
kibed|['kibe']
kibitkas|['kibitka']
kibitka|['kibitka']
kiblah|['kiblah']
kiby|['kibi']
kichil|['kichil']
kicred|['kicr']
kicking|['kick']
kick|['kick']
kickable|['kickabl']
kickapoos|['kickapoo']
kicker|['kicker']
kickshaw|['kickshaw']
kickshawses|['kickshaws']
kickshaws|['kickshaw']
kickshoe|['kicksho']
kicksy-wicksy|"['kicksi', 'wicksi']"
kicky-wisky|"['kicki', 'wiski']"
kickup|['kickup']
kid|['kid']
kidded|['kid']
kidding|['kid']
kidde|['kidd']
kidderminster|['kidderminst']
kiddier|['kiddier']
kiddle|['kiddl']
kiddow|['kiddow']
kiddy|['kiddi']
kiddyish|['kiddyish']
kidfox|['kidfox']
kidling|['kidl']
kidnaped|['kidnap']
kidnapped|['kidnap']
kidnaping|['kidnap']
kidnapping|['kidnap']
kidnap|['kidnap']
kidnaper|['kidnap']
kidnapper|['kidnapp']
kidneys|['kidney']
kidney|['kidney']
kidney-form|"['kidney', 'form']"
kidney-shaped|"['kidney', 'shape']"
kidneywort|['kidneywort']
kie|['kie']
kiefekil|['kiefekil']
kier|['kier']
kieselguhr|['kieselguhr']
kieserite|['kieserit']
kieve|['kiev']
kike|['kike']
kilderkin|['kilderkin']
kill|['kill']
killed|['kill']
killing|['kill']
killdee|['killde']
killdeer|['killdeer']
killer|['killer']
killesse|['killess']
killifish|['killifish']
killigrew|['killigrew']
killikinick|['killikinick']
kill-joy|"['kill', 'joy']"
killock|['killock']
killow|['killow']
kiln|['kiln']
kiln-dry|"['kiln', 'dri']"
kilnhole|['kilnhol']
kilos|['kilo']
kilo|['kilo']
kilogram|['kilogram']
kilogramme|['kilogramm']
kilogrammeter|['kilogrammet']
kilogrammetre|['kilogrammetr']
kiloliter|['kilolit']
kilolitre|['kilolitr']
kilometer|['kilomet']
kilometre|['kilometr']
kilostere|['kiloster']
kilowatt|['kilowatt']
kilt|['kilt']
kilted|['kilt']
kilting|['kilt']
kilter|['kilter']
kimbo|['kimbo']
kimmerian|['kimmerian']
kimnel|['kimnel']
kimry|['kimri']
kin|['kin']
kinaesodic|['kinaesod']
kinaesthesis|['kinaesthesi']
kinate|['kinat']
kincob|['kincob']
kind|['kind']
kindergarten|['kindergarten']
kindergartner|['kindergartn']
kind-hearted|"['kind', 'heart']"
kind-heartedness|"['kind', 'hearted']"
kindle|['kindl']
kindled|['kindl']
kindling|['kindl']
kindler|['kindler']
kindless|['kindless']
kindliness|['kindli']
kinding|['kind']
kindly|['kindli']
kindness|['kind']
kindred|['kindr']
kine|['kine']
kinematic|['kinemat']
kinematical|['kinemat']
kinematics|['kinemat']
kinepox|['kinepox']
kinesiatrics|['kinesiatr']
kinesipathy|['kinesipathi']
kinesitherapy|['kinesitherapi']
kinesodic|['kinesod']
kinetic|['kinet']
kinetics|['kinet']
kinetogenesis|['kinetogenesi']
king|['king']
kinged|['king']
kinging|['king']
kingbird|['kingbird']
kingbolt|['kingbolt']
king charles spaniel|"['king', 'charl', 'spaniel']"
kingcraft|['kingcraft']
kingcup|['kingcup']
kingdom|['kingdom']
kingdomed|['kingdom']
kingfish|['kingfish']
kingfisher|['kingfish']
kinghood|['kinghood']
kingless|['kingless']
kinglet|['kinglet']
kinglihood|['kinglihood']
kingliness|['kingli']
kingling|['kingl']
kingly|['kingli']
king-post|"['king', 'post']"
king''s bench|"['king', 'bench']"
kingship|['kingship']
kingston|['kingston']
kingstone|['kingston']
kingston metal|"['kingston', 'metal']"
kingston valve|"['kingston', 'valv']"
kingtruss|['kingtruss']
kinic|['kinic']
kink|['kink']
kinked|['kink']
kinking|['kink']
kinkajou|['kinkaj']
kinkhaust|['kinkhaust']
kinkle|['kinkl']
kinky|['kinki']
kinnikinic|['kinnikin']
kino|['kino']
kinology|['kinolog']
kinone|['kinon']
kinoyl|['kinoyl']
kinrede|['kinred']
kinsfolk|['kinsfolk']
kinship|['kinship']
kinsmen|['kinsmen']
kinsman|['kinsman']
kinsmanship|['kinsmanship']
kinswomen|['kinswomen']
kinswoman|['kinswoman']
kintlidge|['kintlidg']
kiosk|['kiosk']
kioways|['kioway']
kip|['kip']
kipe|['kipe']
kipper|['kipper']
kippered|['kipper']
kippering|['kipper']
kippernut|['kippernut']
kipskin|['kipskin']
kirk|['kirk']
kirked|['kirk']
kirkmen|['kirkmen']
kirkman|['kirkman']
kirkyard|['kirkyard']
kirmess|['kirmess']
kirschwasser|['kirschwass']
kirsome|['kirsom']
kirtle|['kirtl']
kirtled|['kirtl']
kirumbo|['kirumbo']
kish|['kish']
kismet|['kismet']
kissed|['kiss']
kissing|['kiss']
kiss|['kiss']
kisser|['kisser']
kissingcrust|['kissingcrust']
kist|['kist']
kistvaen|['kistvaen']
kitte|['kitt']
kit|['kit']
kitcat|['kitcat']
kitchen|['kitchen']
kitchener|['kitchen']
kitchenmaid|['kitchenmaid']
kitchen middens|"['kitchen', 'midden']"
kitchen-ry|"['kitchen', 'ry']"
kite|['kite']
kiteflying|['kitefli']
kiteflier|['kitefli']
kith|['kith']
kithara|['kithara']
kithe|['kith']
kitish|['kitish']
kitling|['kitl']
kittel|['kittel']
kitten|['kitten']
kittened|['kitten']
kittening|['kitten']
kittenish|['kittenish']
kittiwake|['kittiwak']
kittle|['kittl']
kittlish|['kittlish']
kittysol|['kittysol']
kive|['kive']
kiver|['kiver']
kivikivies|['kivikivi']
kiwikiwies|['kiwikiwi']
kivikivi|['kivikivi']
kiwikiwi|['kiwikiwi']
kjoekken moeddings|"['kjoekken', 'moed']"
klamaths|['klamath']
kleeneboc|['kleeneboc']
kleptomania|['kleptomania']
kleptomaniac|['kleptomaniac']
klick|['klick']
klicket|['klicket']
klinkstone|['klinkston']
klinometer|['klinomet']
klipdas|['klipda']
klipdachs|['klipdach']
klipfish|['klipfish']
klipspringer|['klipspring']
kloof|['kloof']
klopemania|['klopemania']
knabbed|['knab']
knabbing|['knab']
knab|['knab']
knabble|['knabbl']
knack|['knack']
knacker|['knacker']
knackish|['knackish']
knack-kneed|"['knack', 'kneed']"
knacky|['knacki']
knag|['knag']
knagged|['knag']
knaggy|['knaggi']
knap|['knap']
knapped|['knap']
knapping|['knap']
knapbottle|['knapbottl']
knappish|['knappish']
knapple|['knappl']
knappy|['knappi']
knapsack|['knapsack']
knapweed|['knapwe']
knar|['knar']
knarl|['knarl']
knarled|['knarl']
knarred|['knar']
knarry|['knarri']
knave|['knave']
knaveries|['knaveri']
knavery|['knaveri']
knaveship|['knaveship']
knavess|['knavess']
knavish|['knavish']
knavishly|['knavishli']
knavishness|['knavish']
knaw|['knaw']
knawel|['knawel']
kneaded|['knead']
kneading|['knead']
knead|['knead']
kneadable|['kneadabl']
kneader|['kneader']
kneadingly|['kneadingli']
knebelite|['knebelit']
kneck|['kneck']
knee|['knee']
kneebrush|['kneebrush']
kneecap|['kneecap']
knee-crooking|"['knee', 'crook']"
kneed|['kneed']
knee-deep|"['knee', 'deep']"
knee-high|"['knee', 'high']"
kneejoint|['kneejoint']
kneejointed|['kneejoint']
knelt|['knelt']
kneeled|['kneel']
kneeling|['kneel']
kneel|['kneel']
kneeler|['kneeler']
kneelingly|['kneelingli']
kneepan|['kneepan']
kneepiece|['kneepiec']
knell|['knell']
knelled|['knell']
knelling|['knell']
knew|['knew']
knicker|['knicker']
knickerbockers|['knickerbock']
knickknack|['knickknack']
knickknackatory|['knickknackatori']
knickknackery|['knickknackeri']
knives|['knive']
knife|['knife']
knifed|['knife']
knifing|['knife']
knifeboard|['knifeboard']
knife-edge|"['knife', 'edg']"
knight|['knight']
knighted|['knight']
knighting|['knight']
knightage|['knightag']
knights bachelors|"['knight', 'bachelor']"
knight bachelor|"['knight', 'bachelor']"
knights bannerets|"['knight', 'banneret']"
knight banneret|"['knight', 'banneret']"
knight baro-net|"['knight', 'baro', 'net']"
knight-errants|"['knight', 'errant']"
knights-errant|"['knight', 'errant']"
knight-errant|"['knight', 'errant']"
knight-errantries|"['knight', 'errantri']"
knight-errantry|"['knight', 'errantri']"
knight-er-ratic|"['knight', 'er', 'ratic']"
knighthead|['knighthead']
knighthood|['knighthood']
knightless|['knightless']
knightliness|['knightli']
knightly|['knightli']
knight marshal|"['knight', 'marshal']"
knight service|"['knight', 'servic']"
knights templars|"['knight', 'templar']"
knight templar|"['knight', 'templar']"
knit|['knit']
knitted|['knit']
knitting|['knit']
knitback|['knitback']
knitch|['knitch']
knitchet|['knitchet']
knits|['knit']
knitster|['knitster']
knitter|['knitter']
knittle|['knittl']
knob|['knob']
knobbed|['knob']
knobber|['knobber']
knobbing|['knob']
knobbler|['knobbler']
knobbling fire|"['knobbl', 'fire']"
knobby|['knobbi']
knobstick|['knobstick']
knocked|['knock']
knocking|['knock']
knock|['knock']
knockdown|['knockdown']
knocker|['knocker']
knockings|['knock']
knock-knee|"['knock', 'knee']"
knock-kneed|"['knock', 'kneed']"
knockstone|['knockston']
knoll|['knoll']
knolled|['knoll']
knolling|['knoll']
knoller|['knoller']
knop|['knop']
knopped|['knop']
knoppern|['knoppern']
knopweed|['knopwe']
knor|['knor']
knosp|['knosp']
knot|['knot']
knotted|['knot']
knotting|['knot']
knotberry|['knotberri']
knotgrass|['knotgrass']
knotless|['knotless']
knottiness|['knotti']
knotty|['knotti']
knotweed|['knotwe']
knotwort|['knotwort']
knout|['knout']
know|['know']
known|['known']
knowing|['know']
knowable|['knowabl']
knowa bleness|"['knowa', 'bleness']"
know-all|['know']
knower|['knower']
knowingly|['knowingli']
knowingness|['knowing']
knowleche|['knowlech']
knowleching|['knowlech']
knowledge|['knowledg']
know-nothing|"['know', 'noth']"
know-nothingism|"['know', 'nothing']"
knubs|['knub']
knuckle|['knuckl']
knuckled|['knuckl']
knuckling|['knuckl']
knuff|['knuff']
knur|['knur']
knurl|['knurl']
knurled|['knurl']
knurly|['knurli']
knurry|['knurri']
koaita|['koaita']
koala|['koala']
kob|['kob']
koba|['koba']
kobalt|['kobalt']
kobellite|['kobellit']
kobold|['kobold']
kodak|['kodak']
koel|['koel']
koff|['koff']
kohinoor|['kohinoor']
kohnur|['kohnur']
kohl|['kohl']
kohl-rabies|"['kohl', 'rabi']"
kohl-rabi|"['kohl', 'rabi']"
kokama|['kokama']
koklass|['koklass']
kokoon|['kokoon']
kolarian|['kolarian']
komenic|['komen']
komtok|['komtok']
kon|['kon']
konite|['konit']
konze|['konz']
koodoo|['koodoo']
kookoom|['kookoom']
koolokamba|['koolokamba']
koolslaa|['koolslaa']
koord|['koord']
koordish|['koordish']
koorilian|['koorilian']
kopeck|['kopeck']
koran|['koran']
korin|['korin']
korrigum|['korrigum']
kosmos|['kosmo']
kotow|['kotow']
kotowed|['kotow']
kotowing|['kotow']
koulan|['koulan']
koumiss|['koumiss']
kousso|['kousso']
kowtow|['kowtow']
kra|['kra']
kraal|['kraal']
krait|['krait']
kraken|['kraken']
krakowiak|['krakowiak']
krameria|['krameria']
krameric|['kramer']
krang|['krang']
kranging hook|"['krang', 'hook']"
kreatic|['kreatic']
kreatin|['kreatin']
kreatinin|['kreatinin']
kreel|['kreel']
kremlin|['kremlin']
krems|['krem']
kreng|['kreng']
kreosote|['kreosot']
kreutzer|['kreutzer']
kriegsspiel|['kriegsspiel']
kris|['kri']
krishna|['krishna']
kritarchy|['kritarchi']
krokidolite|['krokidolit']
krone|['krone']
kroomen|['kroomen']
krooman|['krooman']
kruller|['kruller']
krummhorn|['krummhorn']
krumhorn|['krumhorn']
krupp gun|"['krupp', 'gun']"
kryolite|['kryolit']
ksar|['ksar']
kshatriya|['kshatriya']
kshatruya|['kshatruya']
kuda|['kuda']
kudos|['kudo']
kudu|['kudu']
kufic|['kufic']
kukang|['kukang']
kuklux|['kuklux']
kulan|['kulan']
kumish|['kumish']
kumiss|['kumiss']
kummel|['kummel']
kumquat|['kumquat']
kupfernickel|['kupfernickel']
kurd|['kurd']
kurdish|['kurdish']
kurilian|['kurilian']
kursaal|['kursaal']
kusimanse|['kusimans']
kuskus|['kusku']
kussier|['kussier']
kutauss|['kutauss']
kutch|['kutch']
ky|['ky']
kyaboca wood|"['kyaboca', 'wood']"
kyannite|['kyannit']
kyanized|['kyaniz']
kyanizing|['kyaniz']
kyanize|['kyaniz']
kyanol|['kyanol']
kyanophyll|['kyanophyl']
kyar|['kyar']
kyaw|['kyaw']
kyd|['kyd']
kydde|['kydd']
kyke|['kyke']
kyley|['kyley']
kyloes|['kylo']
kymnel|['kymnel']
kymograph|['kymograph']
kymographic|['kymograph']
kymric|['kymric']
kymry|['kymri']
kynrede|['kynred']
kynurenic|['kynuren']
kyrie|['kyri']
kyrie eleison|"['kyri', 'eleison']"
kyrielle|['kyriel']
kyriolexy|['kyriolexi']
kyriology|['kyriolog']
kyriological|['kyriolog']
kythed|['kyth']
kything|['kyth']
kythe|['kyth']
kytomiton|['kytomiton']
kytoplasma|['kytoplasma']
